{
  "version": 1,
  "author": "ミカ",
  "editor": "wokwi",
  "parts": [
    { "type": "board-esp32-devkit-c-v4", "id": "esp", "top": 0, "left": 0, "attrs": {} },
    { "type": "wokwi-neopixel", "id": "rgb1", "top": 111.7, "left": -183.4, "attrs": {} },
    { "type": "wokwi-neopixel", "id": "rgb2", "top": 111.7, "left": -231.4, "attrs": {} },
    { "type": "wokwi-neopixel", "id": "rgb3", "top": 111.7, "left": -413.8, "attrs": {} },
    { "type": "wokwi-neopixel", "id": "rgb4", "top": 111.7, "left": -375.4, "attrs": {} },
    { "type": "wokwi-neopixel", "id": "rgb5", "top": 111.7, "left": -327.4, "attrs": {} },
    { "type": "wokwi-neopixel", "id": "rgb6", "top": 111.7, "left": -279.4, "attrs": {} },
    {
      "type": "wokwi-resistor",
      "id": "r1",
      "top": 109.55,
      "left": -124.8,
      "attrs": { "value": "330" }
    },
    { "type": "wokwi-neopixel", "id": "rgb7", "top": 111.7, "left": -452.2, "attrs": {} },
    {
      "type": "wokwi-neopixel",
      "id": "rgb8",
      "top": 384,
      "left": -477.3,
      "rotate": 90,
      "attrs": {}
    },
    {
      "type": "wokwi-neopixel",
      "id": "rgb9",
      "top": 345.6,
      "left": -477.3,
      "rotate": 90,
      "attrs": {}
    },
    {
      "type": "wokwi-neopixel",
      "id": "rgb10",
      "top": 307.2,
      "left": -477.3,
      "rotate": 90,
      "attrs": {}
    },
    {
      "type": "wokwi-neopixel",
      "id": "rgb11",
      "top": 268.8,
      "left": -477.3,
      "rotate": 90,
      "attrs": {}
    },
    {
      "type": "wokwi-neopixel",
      "id": "rgb12",
      "top": 230.4,
      "left": -477.3,
      "rotate": 90,
      "attrs": {}
    },
    {
      "type": "wokwi-neopixel",
      "id": "rgb13",
      "top": 192,
      "left": -477.3,
      "rotate": 90,
      "attrs": {}
    },
    {
      "type": "wokwi-neopixel",
      "id": "rgb14",
      "top": 144,
      "left": -477.3,
      "rotate": 90,
      "attrs": {}
    },
    {
      "type": "wokwi-neopixel",
      "id": "rgb15",
      "top": 422.4,
      "left": -477.3,
      "rotate": 90,
      "attrs": {}
    },
    {
      "type": "wokwi-vcc",
      "id": "vcc1",
      "top": 152.64,
      "left": -143.8,
      "rotate": 180,
      "attrs": {}
    },
    { "type": "wokwi-gnd", "id": "gnd1", "top": 39.8, "left": -192.2, "rotate": 180, "attrs": {} }
  ],
  "connections": [
    [ "esp:TX", "$serialMonitor:RX", "", [] ],
    [ "esp:RX", "$serialMonitor:TX", "", [] ],
    [ "r1:2", "esp:26", "blue", [ "v0" ] ],
    [ "r1:1", "rgb1:DIN", "blue", [ "v0" ] ],
    [ "rgb1:DOUT", "rgb2:DIN", "green", [ "h-9.6", "v-10.5" ] ],
    [ "rgb2:DOUT", "rgb6:DIN", "green", [ "h-9.6", "v-10.5" ] ],
    [ "rgb6:DOUT", "rgb5:DIN", "green", [ "h-9.6", "v-10.5" ] ],
    [ "rgb5:DOUT", "rgb4:DIN", "green", [ "v-0.9", "h-19.2", "v-9.6" ] ],
    [ "rgb4:DOUT", "rgb3:DIN", "green", [ "v-0.9", "h-9.6", "v-9.6" ] ],
    [ "rgb3:DOUT", "rgb7:DIN", "green", [ "h-9.6", "v-10.5" ] ],
    [ "rgb1:VSS", "vcc1:VCC", "red", [ "v-0.9", "h28" ] ],
    [ "rgb7:DOUT", "rgb14:DOUT", "green", [ "h0" ] ],
    [ "rgb14:DIN", "rgb13:DOUT", "green", [ "v8.8", "h-9.6", "v19.2" ] ],
    [ "rgb13:DIN", "rgb12:DOUT", "green", [ "v8.8", "h-9.6" ] ],
    [ "rgb12:DIN", "rgb11:DOUT", "green", [ "v8.8", "h-9.6" ] ],
    [ "rgb11:DIN", "rgb10:DOUT", "green", [ "v8.8", "h-9.6" ] ],
    [ "rgb10:DIN", "rgb9:DOUT", "green", [ "v8.8", "h-9.6" ] ],
    [ "rgb9:DIN", "rgb8:DOUT", "green", [ "v8.8", "h-9.6" ] ],
    [ "rgb8:DIN", "rgb15:DOUT", "green", [ "v8.8", "h-9.6" ] ],
    [ "rgb1:VDD", "rgb2:VDD", "black", [ "h0", "v-19.2", "h0", "v0", "h-48" ] ],
    [ "rgb2:VDD", "rgb6:VDD", "black", [ "h0", "v-19.2", "h-48" ] ],
    [ "rgb6:VDD", "rgb5:VDD", "black", [ "h0", "v-19.2", "h-48" ] ],
    [ "rgb5:VDD", "rgb4:VDD", "black", [ "h0", "v-19.2", "h-48" ] ],
    [ "rgb1:VDD", "gnd1:GND", "black", [ "h0" ] ],
    [ "rgb4:VDD", "rgb3:VDD", "black", [ "h0", "v-19.2", "h-38.4" ] ],
    [ "rgb3:VDD", "rgb7:VDD", "black", [ "h0", "v-19.2", "h-38.4" ] ],
    [ "rgb7:VDD", "rgb14:VSS", "black", [ "h-48", "v48", "h9.6" ] ],
    [ "rgb14:VSS", "rgb13:VSS", "black", [ "h-27.9", "v47.2" ] ],
    [ "rgb13:VSS", "rgb12:VSS", "black", [ "h-27.9", "v37.6" ] ],
    [ "rgb12:VSS", "rgb11:VSS", "black", [ "h-27.9", "v28", "h0", "v9.6" ] ],
    [ "rgb11:VSS", "rgb10:VSS", "black", [ "h-27.9", "v37.6" ] ],
    [ "rgb10:VSS", "rgb9:VSS", "black", [ "h-27.9", "v37.6" ] ],
    [ "rgb9:VSS", "rgb8:VSS", "black", [ "h-27.9", "v37.6" ] ],
    [ "rgb8:VSS", "rgb15:VSS", "black", [ "h-27.9", "v37.6" ] ],
    [ "rgb15:VDD", "rgb8:VDD", "red", [ "v0", "h19.2", "v-38.4" ] ],
    [ "rgb8:VDD", "rgb9:VDD", "red", [ "v0", "h19.2", "v-38.4" ] ],
    [ "rgb9:VDD", "rgb10:VDD", "red", [ "v0", "h19.2", "v-38.4" ] ],
    [ "rgb10:VDD", "rgb11:VDD", "red", [ "v0", "h19.2", "v-38.4" ] ],
    [ "rgb11:VDD", "rgb12:VDD", "red", [ "v0", "h19.2", "v-38.4", "h-28.8" ] ],
    [ "rgb12:VDD", "rgb13:VDD", "red", [ "v0", "h19.2", "v-38.4" ] ],
    [ "rgb13:VDD", "rgb14:VDD", "red", [ "v0", "h19.2", "v-48" ] ],
    [ "rgb14:VDD", "rgb7:VSS", "red", [ "v0", "h38.4" ] ],
    [ "rgb7:VSS", "rgb3:VSS", "red", [ "v18.3", "h37.6" ] ],
    [ "rgb3:VSS", "rgb4:VSS", "red", [ "v18.3", "h37.6" ] ],
    [ "rgb4:VSS", "rgb5:VSS", "red", [ "v18.3", "h47.2" ] ],
    [ "rgb5:VSS", "rgb6:VSS", "red", [ "v18.3", "h47.2" ] ],
    [ "rgb6:VSS", "rgb2:VSS", "red", [ "v18.3", "h47.2" ] ],
    [ "rgb2:VSS", "rgb1:VSS", "red", [ "v18.3", "h47.2" ] ]
  ],
  "dependencies": {}
}